<?xml version="1.0" encoding="UTF-8"?>
<project-private xmlns="http://www.netbeans.org/ns/project-private/1">
    <editor-bookmarks xmlns="http://www.netbeans.org/ns/editor-bookmarks/2" lastBookmarkId="0"/>
    <open-files xmlns="http://www.netbeans.org/ns/projectui-open-files/2">
        <group>
            <file>file:/D:/Hotel%20Reservation%20System/src/hotel/reservation/system/Home.java</file>
            <file>file:/D:/Hotel%20Reservation%20System/src/hotel/reservation/system/login.java</file>
            <file>file:/D:/Hotel%20Reservation%20System/src/hotel/reservation/system/SignUp.java</file>
            <file>file:/D:/Hotel%20Reservation%20System/src/hotel/reservation/system/ReservationPage.java</file>
            <file>file:/D:/Hotel%20Reservation%20System/src/hotel/reservation/system/Connections.java</file>
        </group>
    </open-files>
</project-private>
